sentiment,text,user
"negative","RT @BamjcastA: Stacey has big plans for Georgia. Careful science and data driven plans.\nIt's time for a change with @staceyabrams!\n#DemVoic‚Ä¶","kmeeo"
"positive","RT @rstudio: We are delighted to announce the rstudio::conf schedule! Expect four days of amazing speakers, workshops, and events on a rang‚Ä¶","OluwafemOyedele"
"negative","RT @cchukudebelu: Soro Soke Generation.\n\nPlease deploy your knowledge of GIS, Artificial Intelligence, Data Science etc. to deal with the o‚Ä¶","oyin_ladun"
"neutral","RT @JiffyTweeting: Hello #rstats (and anyone else who comes across this tweet)! I'm finishing up my Ph.D. in Neuro in July/Aug and I'm look‚Ä¶","astghughes"
"positive","RT @RobCalver5: Delighted to announce that '#RStats for #Political #DataScience: A Practical Guide' by @FranciscoUrdin and @arcruz0 is now‚Ä¶","GonzaloBarria"
"neutral","RT @emzorbit: We‚Äôve reached that point in societal development where data and science can show Republican policies don‚Äôt work. So now, all‚Ä¶","MO2ndDist4Chg"
"neutral","RT @wytewzrdz: There are ppl who will mask &amp; take vaccines forever. Is it because of science, data or facts? No, it's because a politician‚Ä¶","Christi77079326"
"neutral","RT @NickSinghTech: Today is my 27th birthday! To celebrate, I‚Äôm giving away 27 copies of my book \"Ace the Data Science Interview\"!!!\n\nNext‚Ä¶","Riimeet"
"negative","Science communication 101, don't use different units they're confusing.\nPFOA: 0.004 parts per trillion (ppt)\nPFOS:‚Ä¶ https://t.co/trnv1vigSr","kittykatinabag"
"neutral","RT @NickSinghTech: Today is my 27th birthday! To celebrate, I‚Äôm giving away 27 copies of my book \"Ace the Data Science Interview\"!!!\n\nNext‚Ä¶","nikhiltweetzz"
"neutral","RT @NickSinghTech: Today is my 27th birthday! To celebrate, I‚Äôm giving away 27 copies of my book \"Ace the Data Science Interview\"!!!\n\nNext‚Ä¶","adedoyin_peter"
"neutral","RT @arthurturrell: #DataScience #python #r #MachineLearning \n\nHelp forge the future of @RoyalStatSoc's offering for data science https://t.‚Ä¶","XeronBot"
"neutral","RT @arthurturrell: #DataScience #python #r #MachineLearning \n\nHelp forge the future of @RoyalStatSoc's offering for data science https://t.‚Ä¶","_Jakashi"
"negative","RT @BU_Computing: Over the past year, HIC Research Fellows worked at the intersection of data science &amp; health. Incoming Director @YPaschal‚Ä¶","BUCollegeofENG"
"neutral","@EstetikMoral @YakkStack @twinbuoys @SharonandGlenn @XavierRenart Ontario Science table does a set of data for the‚Ä¶ https://t.co/S1zZIkoSM6","swooshinc"
"negative","@svpino What if you prefer the internet as BI database? R works for the data science part, as any other coding language.","JagersbergKnut"
"positive","RT @OtagoGrad: @GauteNilsen @CDCgov @WHO Have read more medical research studies in the last two-plus years than I would have previously th‚Ä¶","GauteNilsen"
"neutral","RT @gp_pulipaka: 6 Books to Help You Learn Data #Science! #BigData #Analytics #DataScience #IoT #IIoT #PyTorch #Python #RStats #TensorFlow‚Ä¶","XeronBot"
"positive","RT @TWenseleers: Cool analysis by @ftzo of selective benefit of different SARS-CoV2 lineages &amp; mutations based on global analysis of all of‚Ä¶","Forensic_Stats"
"positive","RT @CUAHSI: Early career CZ activities at #FIHM22 \n-An Open, Inclusive and Networked Approach for CZ Science in the Anthropocene\n-Frontiers‚Ä¶","BigCzcn"
"negative","RT @mcmullarkey: A little over 24 hours left to get onto the waitlist for my \"Practical Paths from Academia to Data Science\" resources!\n\nI‚Ä¶","Rainbow_sugar__"
"neutral","The Stretching Data Science Skill Gap in India can Take a Big Toll on Growth: Analytics Insight https://t.co/q8V09CwSPi","ecobearwitness"
"positive","üéôHear @jessetanderson talk to John Thompson of @CSLBehring on the art of the analytics team, the creative endeavor‚Ä¶ https://t.co/ZEft68swpK","sodadata"
"neutral","Data Science Vs. Machine Learning | Zarantech https://t.co/pFZGMXiFXl","Prof_Stambul"
"negative","RT @cchukudebelu: Soro Soke Generation.\n\nPlease deploy your knowledge of GIS, Artificial Intelligence, Data Science etc. to deal with the o‚Ä¶","OkeyRita1"
"positive","RT @cchukudebelu: My dear young friends.\n\nTake advantage of these free resources.\n\nKnowledge is power.\n\nDon't be like an older generation o‚Ä¶","Chxxvo"
"neutral","#IJCAI2022Tutorials Tensor Computation for Data Processing\nüó£Ô∏èPresenters: Yipeng Liu, University of Electronic Scien‚Ä¶ https://t.co/BaquBDrG7e","IJCAIconf"
"positive","RT @WDFW: New research published this spring is shining a light on the importance of community science in fisheries management, with member‚Ä¶","kathycalm"
"negative","Happening now, The Science Behind Real-World Data: Answering Today‚Äôs Questions Today led by @Bob_Wachter, featuring‚Ä¶ https://t.co/OEGo0EDwm1","Vashishtrv"
"positive","RT @KirkDBorne: 75 FREE Data Science Courses on @udemy ‚Äî list compiled by @tut_ml \n‚Äî‚Äî‚Äî‚Äî‚Äî‚Äî\n#BigData #DataScience #MachineLearning #AI #DataS‚Ä¶","GUMERCINDOFJ"
"negative","RT @WesElyMD: 1/üßµ Long COVID Brain Science: üß†\n\nFor ~100M suffering üåé, let‚Äôs use data to combat myths &amp; #Misinformation\n\nCOVID is biological‚Ä¶","AmazinnZ"
"neutral","12. Analytics Engineer\n13. Data Science consultant\n14. Business Data Analyst.\n15. intelligence Analyst\n16. Marketin‚Ä¶ https://t.co/OFjyO6nnJC","sunkanmi_joshua"
"positive","@brtarran @RoyalStatSoc Hi Brian, I think this is a great initiative to shape the future of data science. Do I need‚Ä¶ https://t.co/KMN5VS7XxP","ibpdas"
"positive","RT @BrendanNyhan: Friends: I have an outstanding magna cum laude graduate in quantitative social science from @dartmouth who is looking for‚Ä¶","jacob_derechin"
"positive","RT @chen2rong2: @PhantzE @stiartsly It was so obvious that owning data, users ought to have somewhere to save ‚Äòem for others to find. Right‚Ä¶","Ilija2822"
"neutral","RT @HakomTimeSeries: #KNIME upgrades #DataScience #democratization through #Snowflake collaboration @VentureBeat\nhttps://t.co/nEbj16wbU9\n#d‚Ä¶","Fama_idrees"
"negative","RT @cchukudebelu: Soro Soke Generation.\n\nPlease deploy your knowledge of GIS, Artificial Intelligence, Data Science etc. to deal with the o‚Ä¶","unbotheredgee"
"neutral","RT @NickSinghTech: Today is my 27th birthday! To celebrate, I‚Äôm giving away 27 copies of my book \"Ace the Data Science Interview\"!!!\n\nNext‚Ä¶","_korlarh"
"negative","The NOAA #EcoFOCI Cruise took scientists across the cold Bering Sea in the Arctic to collect data about the ocean a‚Ä¶ https://t.co/uqxfXthDR2","NOAAResearch"
"negative","RT @WesElyMD: 1/üßµ Long COVID Brain Science: üß†\n\nFor ~100M suffering üåé, let‚Äôs use data to combat myths &amp; #Misinformation\n\nCOVID is biological‚Ä¶","TristenSchmidt"
"negative","RT @cchukudebelu: Soro Soke Generation.\n\nPlease deploy your knowledge of GIS, Artificial Intelligence, Data Science etc. to deal with the o‚Ä¶","OGB1bdollar"
"positive","#FEATURED #COURSES\n\nMachine Learning, Data Science and Deep Learning with Python\n\nComplete hands-on #machine‚Ä¶ https://t.co/akydxtbGDZ","byLilyV"
"neutral","Science has been used as a tool of oppression; it has been used to perpetuate harmful narratives about marginalized‚Ä¶ https://t.co/Iqx0CSmX0y","AmJEpi"
"positive","RT @WDFW: New research published this spring is shining a light on the importance of community science in fisheries management, with member‚Ä¶","PSPartnership"
"positive","Really excited to present the Online Harms Observatory from the @TuringPubPol Online Safety team :) \n\nIt uses cutti‚Ä¶ https://t.co/sTPkZouY1a","bertievidgen"
"positive","RT @nevrekaraishwa2: Learn Python üêç in 15 days to launch your data science /web development career.‚úÖ\nIf you are a beginner or new to coding‚Ä¶","oluwapelumi034"
"neutral","RT @brianlilley: The word \"denier\" gets thrown around a lot these days. For saying the Trudeau government needs to show us \"the science\" th‚Ä¶","toniccss"
"neutral","1. Data Architect\n2. Data product manager\n3. Data Privacy &amp; Governance\n4. Machines learning scientist\n5. Machine le‚Ä¶ https://t.co/GqLyk3KgCp","sunkanmi_joshua"
"neutral","Aging is currently indexed in PubMed, PubMed Central, Medline, Web of Science, Scopus, Meta, Readcube, Dimensions,‚Ä¶ https://t.co/baduFGcu1r","AgingJrnl"
"neutral","RT @knime: Check out this Data Science Pronto video on #LearningRate? What is the optimal learning rate? What type of learning rate strateg‚Ä¶","Fama_idrees"
"negative","RT @WesElyMD: 1/üßµ Long COVID Brain Science: üß†\n\nFor ~100M suffering üåé, let‚Äôs use data to combat myths &amp; #Misinformation\n\nCOVID is biological‚Ä¶","Martin09626363"
"neutral","RT @alankotok: A study of people with and without #Alzheimers disease found differences between women and men in their state of #CognitiveD‚Ä¶","ennomnom"
"neutral","While leadership and management skills proficiency in the U.S. are up, technology and data science skills proficien‚Ä¶ https://t.co/L4zLsheUYJ","HigherEdDive"
"positive","RT @CodesUganda: Great day at @refactory_ug  Tech Knot event learning more about 4IR both in the blockchain industry and Data Science. Grea‚Ä¶","thardentone"
"neutral","RT @gp_pulipaka: 6 Books to Help You Learn Data #Science! #BigData #Analytics #DataScience #IoT #IIoT #PyTorch #Python #RStats #TensorFlow‚Ä¶","anglehernandez"
"neutral","RT @FilFoundation: Are you registered for the @corise_ course: Web3 Applications &amp; @Filecoin/@IPFS? \n\n‚úçÔ∏è¬†You‚Äôll learn: \n\n‚úÖ¬†building on bloc‚Ä¶","DeveloperAlly"
"neutral","Why is it that leisure has not grown and the boundaries between recreation and work are as blurred as ever?\n\nWhy do‚Ä¶ https://t.co/1rS0LlXRdS","humzasayshi"
"neutral","A short reminder that data science, data analytics, and data engineering are not the only fields in which you can p‚Ä¶ https://t.co/UlbJftGiK0","sunkanmi_joshua"
"negative","RT @diannaeanderson: His support for this data is not medical science, but fucking GOOGLE SEARCH TRENDS\n\nMY DUDE. MY MAN. IN WHAT UNIVERSE‚Ä¶","KoppLily"
"positive","RT @rstudio: We are delighted to announce the rstudio::conf schedule! Expect four days of amazing speakers, workshops, and events on a rang‚Ä¶","ivelasq3"
"neutral","RT @nielsmede: Encouraging findings on the impact of #OpenScience on trust in #science:\n#TomRosman @prof_bosnjak @HenningSilber #JoannaKo√üm‚Ä¶","DGIInfo"
"positive","RT @IBIS_journal: In the latest issue of @IBIS_journal \n\nCommunity science data suggest the most common raptors (Accipitridae) in urban cen‚Ä¶","sekercioglu"
"positive","RT @jrossibarra: This is a pretty powerful piece quantifying the privilege of white able bodied men in STEM. Not really surprising to anyon‚Ä¶","SapCaps"
"positive","@DancerDad @FreelanceScien1 @julia_keogh @CUH_NHS The science and data clearly show that seatbelts dont work","Version69420"
"positive","RT @Grace_trois: I'm done with the first thing on my roadmap, ‚ÄúPython for Data Science‚Äù, I'm really excited about it. \n\nI'm so grateful to‚Ä¶","py_data_sci"
"neutral","@nsraban @iamjanogx @iHeartPowder @nytimes Men don't compete with women. Trans women do and it's backed by decades‚Ä¶ https://t.co/n8Cg8eeMtf","RainBl0wunicorn"
"positive","RT @SenMarkKelly: The impacts of climate change are being felt everywhere. It's especially true in Arizona, as we face a historic drought a‚Ä¶","eaglewarrior427"
"neutral","A study of people with and without #Alzheimers disease found differences between women and men in their state of‚Ä¶ https://t.co/DGV4392Q2g","alankotok"
"negative","RT @mcmullarkey: A little over 24 hours left to get onto the waitlist for my \"Practical Paths from Academia to Data Science\" resources!\n\nI‚Ä¶","Nate__Haines"
"positive","RT @MostlyMicrobes: @PatSchloss emphasizes importance of #OpenData. Highlights research of @DunningHotopp as excellent example - asking new‚Ä¶","RobinCubed"
"negative","RT @cchukudebelu: Soro Soke Generation.\n\nPlease deploy your knowledge of GIS, Artificial Intelligence, Data Science etc. to deal with the o‚Ä¶","nathamaracutiy"
"neutral","RT @nielsmede: Encouraging findings on the impact of #OpenScience on trust in #science:\n#TomRosman @prof_bosnjak @HenningSilber #JoannaKo√üm‚Ä¶","LauraMKoenig"
"negative","RT @mcmullarkey: I'm ecstatic to announce I'll be a data scientist at The Looma Project!\n\nI want to help other academics take the data scie‚Ä¶","AltAcChats"
"negative","RT @mcmullarkey: A little over 24 hours left to get onto the waitlist for my \"Practical Paths from Academia to Data Science\" resources!\n\nI‚Ä¶","AltAcChats"
"positive","RT @HSSIsisCB: Hey everyone, we've just launched our newest and greatest update to IsisCB Explore https://t.co/YM8tcPcnUC. You need to chec‚Ä¶","oaperezh"
"positive","RT @gina_connors: Powerful keynote from Zaretta Hammond @Ready4rigor at CA Elem Literacy Conference.  #scienceofreading . @NWEA , we believ‚Ä¶","mgpotente"
"neutral","RT @KirkDBorne: üåüüöÄ95 #DataScience Projects for Beginners, Solved and Explained with #Python ‚Äî compiled by @amankk_9\n‚Äî‚Äî‚Äî‚Äî‚Äî‚Äî\n#BigData #Machin‚Ä¶","anglehernandez"
"neutral","@IainMulady @pterodactyl1984 @Martin44257413 @JasonDickie12 @marie2015nope @the_coral_lea @InCytometry Although I u‚Ä¶ https://t.co/DQb1165e1E","judysimpson222"
"negative","RT @cchukudebelu: Soro Soke Generation.\n\nPlease deploy your knowledge of GIS, Artificial Intelligence, Data Science etc. to deal with the o‚Ä¶","_kokks"
"negative","RT @cchukudebelu: Soro Soke Generation.\n\nPlease deploy your knowledge of GIS, Artificial Intelligence, Data Science etc. to deal with the o‚Ä¶","KingEwoma"
"neutral","RT @NickSinghTech: Today is my 27th birthday! To celebrate, I‚Äôm giving away 27 copies of my book \"Ace the Data Science Interview\"!!!\n\nNext‚Ä¶","Oyetunji_"
"negative","RT @MattGoldrick: Review begins June 20: Postdoctoral fellowship in corpus phonetics / data science for speech (contingent on final approva‚Ä¶","rachelmtheodore"
"negative","RT @cchukudebelu: Soro Soke Generation.\n\nPlease deploy your knowledge of GIS, Artificial Intelligence, Data Science etc. to deal with the o‚Ä¶","M_nny_"
"negative","RT @WesElyMD: 1/üßµ Long COVID Brain Science: üß†\n\nFor ~100M suffering üåé, let‚Äôs use data to combat myths &amp; #Misinformation\n\nCOVID is biological‚Ä¶","vahlamorgulis"
"neutral","RT @nielsmede: Encouraging findings on the impact of #OpenScience on trust in #science:\n#TomRosman @prof_bosnjak @HenningSilber #JoannaKo√üm‚Ä¶","prof_bosnjak"
"positive","RT @LASPatCU: .@NASAMoon has selected a new mission to explore an unstudied part of the Moon: the Gruithuisen Domes! LASP will provide scie‚Ä¶","KerriDHanna"
"negative","RT @cchukudebelu: Soro Soke Generation.\n\nPlease deploy your knowledge of GIS, Artificial Intelligence, Data Science etc. to deal with the o‚Ä¶","VibesofOla"
"neutral","@LannisterLeo @MarchalOmbre_ @PHillsdale15 @Reuters You were done when you posted this. Then proceed to get owned b‚Ä¶ https://t.co/ncKdxKRxFw","Socialtrainers"
"positive","RT @jrossibarra: This is a pretty powerful piece quantifying the privilege of white able bodied men in STEM. Not really surprising to anyon‚Ä¶","jennygremer"
"neutral","RT @brianlilley: The word \"denier\" gets thrown around a lot these days. For saying the Trudeau government needs to show us \"the science\" th‚Ä¶","CanadianDis"
"positive","RT @HSSIsisCB: Hey everyone, we've just launched our newest and greatest update to IsisCB Explore https://t.co/YM8tcPcnUC. You need to chec‚Ä¶","AbrahamHGibson"
"neutral","RT @221help: ¬´¬†Bonjour, je suis titulaire d'un Master Informatique sp√©cialit√© r√©seaux et t√©l√©com.\nJe suis actuellement √† la recherche d‚Äôun‚Ä¶","ninkvss"
"positive","RT @eric_kauff: Great review of porto-sinusoidal vascular disorder (PSVD) by @docberza at @JHepatology \n\nEfforts must be done to collect fu‚Ä¶","CamiloJT"
"positive","The latest: Get expert help visualizing research data | ARM Forge tools documentation updated‚Ä¶ https://t.co/vf8NyhHM0o","NCAR_CISL"
"neutral","RT @nmonarizqa: Hmm sebenernya karir *Data Science* nggak dying, akan ada terus malah, skillsetnya aja yang beda\n\nKarena di awal2 data scie‚Ä¶","pathofdelight"
"neutral","Job opportunity! Data Engineer III to support CDC's Division of Healthcare Quality Promotion. Individual will perfo‚Ä¶ https://t.co/9traBXJNXI","AlisonLaufer"
"neutral","RT @NC_Optimist: @lrobertsonmiami @mawilner Only one state followed the actual science and data?","mariann01577685"
"positive","RT @prkdlx: Digital Marketing, Data Science, &amp; UI/UX merupakan skill yang sangat dibutuhkan di bbrp top companies spt Gojek, Tokopedia, Gra‚Ä¶","hyurikaagatha"
"positive","RT @SenMarkKelly: The impacts of climate change are being felt everywhere. It's especially true in Arizona, as we face a historic drought a‚Ä¶","susanfedsy"
"negative","@SenLummis 1 $BTC, &amp; 1 $BCH can be used for things like:  An A.I. Application that tries to prevent all Patient Dea‚Ä¶ https://t.co/XCiTwdD8xP","MarkQuarter"